feature,mean_abs_shap
fatalities,2.397958
notes_emb_253,0.36508116
notes_emb_255,0.19860853
sub_event_type_Armed clash,0.19460729
notes_emb_345,0.19104312
notes_emb_101,0.1752247
notes_emb_82,0.16504952
notes_emb_8,0.15584631
notes_emb_167,0.14938755
notes_emb_256,0.14916444
notes_emb_267,0.14810756
notes_emb_88,0.14693944
notes_emb_114,0.14455469
civilian_targeting,0.13579796
notes_emb_72,0.1340637
notes_emb_279,0.13161956
notes_emb_269,0.124305926
notes_emb_119,0.1231977
notes_emb_212,0.1156988
notes_emb_211,0.11402415
notes_emb_273,0.113649786
notes_emb_198,0.11346129
notes_emb_112,0.10880755
notes_emb_91,0.10822586
notes_emb_127,0.107444696
notes_emb_247,0.10629431
notes_emb_308,0.10246308
notes_emb_343,0.098275974
notes_emb_132,0.097286224
notes_emb_365,0.096778795
notes_emb_78,0.09541845
notes_emb_67,0.09162953
notes_emb_350,0.08890104
notes_emb_225,0.08682387
notes_emb_325,0.08607083
notes_emb_294,0.085564986
notes_emb_123,0.08234252
notes_emb_328,0.08186715
notes_emb_329,0.07893498
notes_emb_52,0.07772309
notes_emb_3,0.07653834
notes_emb_65,0.075491704
notes_emb_226,0.07501589
notes_emb_238,0.07072918
notes_emb_182,0.06959455
notes_emb_169,0.06889466
notes_emb_363,0.06884448
notes_emb_64,0.06568176
notes_emb_244,0.06568086
notes_emb_144,0.063724265
notes_emb_23,0.062779605
notes_emb_187,0.062220335
notes_emb_202,0.060752247
notes_emb_69,0.060453065
notes_emb_288,0.059275962
notes_emb_339,0.05865171
notes_emb_196,0.057928916
notes_emb_326,0.057705052
notes_emb_330,0.055988126
notes_emb_41,0.054761704
notes_emb_66,0.054291714
notes_emb_378,0.053328343
notes_emb_272,0.052903246
notes_emb_89,0.05188156
notes_emb_116,0.051001914
notes_emb_50,0.049640346
notes_emb_79,0.049620204
notes_emb_352,0.048665952
notes_emb_53,0.048325986
notes_emb_183,0.04824966
notes_emb_153,0.048214428
notes_emb_74,0.04751163
notes_emb_331,0.047348756
notes_emb_107,0.047283392
notes_emb_303,0.046273675
notes_emb_174,0.046047546
notes_emb_165,0.04576041
notes_emb_307,0.044707626
notes_emb_315,0.044558145
notes_emb_163,0.044544224
notes_emb_12,0.044223778
notes_emb_377,0.044179287
notes_emb_316,0.043703172
notes_emb_287,0.042957474
notes_emb_2,0.042778943
notes_emb_146,0.04188303
notes_emb_338,0.04183344
notes_emb_34,0.041094217
notes_emb_302,0.040994495
notes_emb_359,0.040498767
notes_emb_362,0.039671447
notes_emb_219,0.039233122
notes_emb_227,0.038274016
notes_emb_39,0.037910555
notes_emb_195,0.03767237
notes_emb_118,0.036973212
notes_emb_349,0.036905278
notes_emb_179,0.036420047
notes_emb_29,0.036391996
notes_emb_254,0.036081143
notes_emb_150,0.03512674
notes_emb_369,0.034263674
notes_emb_229,0.03420263
notes_emb_10,0.033160325
notes_emb_125,0.0324887
notes_emb_46,0.032412745
notes_emb_124,0.03218969
notes_emb_40,0.031899635
notes_emb_51,0.03149044
notes_emb_24,0.03140834
notes_emb_75,0.031393025
notes_emb_99,0.030934898
notes_emb_263,0.030682499
notes_emb_208,0.03020972
notes_emb_344,0.030134087
notes_emb_154,0.029591786
notes_emb_38,0.02944355
notes_emb_311,0.028649956
notes_emb_155,0.028538037
notes_emb_57,0.027949428
notes_emb_170,0.027764631
notes_emb_47,0.02757613
notes_emb_190,0.027215062
notes_emb_68,0.02694786
notes_emb_17,0.026703728
notes_emb_248,0.026351739
notes_emb_251,0.02623249
notes_emb_372,0.026211696
notes_emb_312,0.025343096
notes_emb_16,0.025216615
notes_emb_314,0.025206966
notes_emb_21,0.025048738
notes_emb_321,0.024982873
notes_emb_61,0.024932517
notes_emb_71,0.024883965
notes_emb_355,0.024849316
notes_emb_259,0.024534628
notes_emb_115,0.024491986
notes_emb_45,0.024444092
notes_emb_313,0.024353394
notes_emb_15,0.023517754
notes_emb_98,0.023423413
notes_emb_296,0.023161953
notes_emb_142,0.02306248
notes_emb_364,0.022969859
notes_emb_239,0.022934327
notes_emb_121,0.02211097
notes_emb_138,0.022054303
sub_event_type_Remote explosive/landmine/IED,0.022043701
notes_emb_242,0.021547753
notes_emb_299,0.021216825
notes_emb_161,0.021196509
notes_emb_301,0.021102855
notes_emb_216,0.020876447
notes_emb_282,0.020840393
notes_emb_191,0.020706728
notes_emb_261,0.0206838
notes_emb_188,0.0206055
notes_emb_223,0.020319203
notes_emb_306,0.02031382
notes_emb_44,0.020294344
notes_emb_236,0.02025813
notes_emb_20,0.020137092
notes_emb_376,0.020116454
notes_emb_281,0.020028709
notes_emb_102,0.019998103
notes_emb_162,0.019849107
notes_emb_346,0.019753505
notes_emb_104,0.019713411
notes_emb_175,0.019683471
notes_emb_4,0.019678965
notes_emb_257,0.019658448
notes_emb_0,0.019196466
notes_emb_111,0.019135611
notes_emb_237,0.018953444
notes_emb_233,0.018678306
notes_emb_33,0.01848573
notes_emb_1,0.018332781
notes_emb_207,0.018219782
notes_emb_334,0.018172225
notes_emb_133,0.018152162
notes_emb_80,0.017974824
notes_emb_214,0.017793663
notes_emb_97,0.017783185
notes_emb_9,0.017295476
notes_emb_54,0.017277075
notes_emb_37,0.01726433
notes_emb_32,0.01705512
notes_emb_243,0.016993076
notes_emb_231,0.016898066
notes_emb_234,0.016760044
notes_emb_241,0.01670748
notes_emb_213,0.016491076
notes_emb_232,0.016342023
notes_emb_235,0.0162769
notes_emb_379,0.016156595
notes_emb_178,0.016126981
notes_emb_164,0.01606345
notes_emb_367,0.01603763
notes_emb_28,0.015701951
notes_emb_26,0.015612419
notes_emb_168,0.015440575
notes_emb_266,0.015363813
notes_emb_333,0.015234
notes_emb_322,0.014950471
notes_emb_131,0.014940015
notes_emb_186,0.014888558
notes_emb_19,0.014648812
notes_emb_319,0.01464359
notes_emb_250,0.014640167
notes_emb_291,0.014636786
notes_emb_206,0.014561059
notes_emb_224,0.014319676
notes_emb_62,0.01429006
notes_emb_323,0.014276299
notes_emb_193,0.014238431
notes_emb_217,0.014201082
notes_emb_374,0.014100179
notes_emb_354,0.014040719
notes_emb_14,0.014027707
notes_emb_292,0.013979842
notes_emb_159,0.013960928
notes_emb_285,0.013959176
notes_emb_160,0.013846529
notes_emb_180,0.013821468
notes_emb_134,0.013617181
notes_emb_148,0.013563098
notes_emb_181,0.0135164065
notes_emb_110,0.013485287
notes_emb_96,0.013475862
notes_emb_43,0.013475343
notes_emb_92,0.013401628
notes_emb_327,0.013318612
notes_emb_197,0.013308696
notes_emb_300,0.013261535
notes_emb_353,0.013122003
notes_emb_117,0.013117848
notes_emb_106,0.013100873
notes_emb_30,0.012941852
notes_emb_305,0.0129013145
notes_emb_113,0.012799819
notes_emb_139,0.012736653
notes_emb_324,0.012640358
notes_emb_156,0.01261965
notes_emb_136,0.012313283
notes_emb_280,0.012172838
notes_emb_7,0.012085012
notes_emb_122,0.012058401
notes_emb_83,0.012019287
notes_emb_103,0.011943104
notes_emb_289,0.011862432
notes_emb_58,0.011826445
notes_emb_204,0.011716293
notes_emb_48,0.011632781
notes_emb_25,0.011526347
notes_emb_18,0.011323789
notes_emb_63,0.011285662
notes_emb_22,0.011279096
notes_emb_143,0.011258193
notes_emb_137,0.011154714
notes_emb_126,0.010908299
notes_emb_35,0.010839179
notes_emb_31,0.010666594
notes_emb_5,0.010645936
notes_emb_271,0.010590302
notes_emb_222,0.010505689
notes_emb_268,0.010476702
notes_emb_260,0.010440044
notes_emb_60,0.010419228
notes_emb_356,0.010414583
notes_emb_100,0.010405792
notes_emb_283,0.010386422
notes_emb_87,0.010347479
notes_emb_249,0.010324238
notes_emb_157,0.01031716
notes_emb_77,0.010123929
notes_emb_220,0.010094481
notes_emb_258,0.009915561
notes_emb_166,0.009900017
notes_emb_151,0.009858916
notes_emb_149,0.009799815
notes_emb_358,0.009780064
notes_emb_176,0.009685126
notes_emb_184,0.009612001
notes_emb_332,0.009555447
notes_emb_290,0.00955048
notes_emb_286,0.009473986
notes_emb_246,0.009432669
notes_emb_140,0.009403988
notes_emb_86,0.009378145
notes_emb_284,0.009349185
notes_emb_56,0.009347027
notes_emb_201,0.009335733
notes_emb_304,0.009246004
notes_emb_93,0.009192099
notes_emb_228,0.009175991
notes_emb_200,0.009170496
notes_emb_351,0.009165096
notes_emb_189,0.009154419
notes_emb_81,0.009138269
notes_emb_120,0.009049335
notes_emb_90,0.009000352
notes_emb_141,0.008994358
notes_emb_76,0.00899175
notes_emb_205,0.008964912
notes_emb_310,0.00894802
notes_emb_245,0.008841697
notes_emb_172,0.008798456
notes_emb_262,0.00878875
notes_emb_177,0.008680981
notes_emb_366,0.008670187
notes_emb_361,0.008632099
notes_emb_264,0.008616438
notes_emb_318,0.008612025
notes_emb_336,0.008606061
notes_emb_84,0.008595389
notes_emb_381,0.008580996
notes_emb_230,0.008515471
notes_emb_341,0.00844602
notes_emb_265,0.008401775
notes_emb_27,0.008370685
notes_emb_108,0.0083508175
notes_emb_215,0.008310233
notes_emb_173,0.008274941
notes_emb_129,0.008240012
notes_emb_293,0.008231552
notes_emb_278,0.008220848
notes_emb_128,0.008088829
notes_emb_335,0.007987144
notes_emb_347,0.007957806
notes_emb_373,0.007934139
notes_emb_73,0.007911255
notes_emb_298,0.007841192
notes_emb_13,0.0077859946
notes_emb_185,0.0077056843
notes_emb_317,0.0076791835
notes_emb_275,0.0075533898
notes_emb_360,0.0075302897
notes_emb_49,0.0074774926
notes_emb_6,0.007344471
notes_emb_210,0.0071344515
notes_emb_218,0.0070822844
notes_emb_70,0.007067415
notes_emb_368,0.007060134
notes_emb_192,0.007038797
notes_emb_42,0.0069416882
notes_emb_158,0.006878611
notes_emb_383,0.0067919134
notes_emb_276,0.0067807077
notes_emb_357,0.0067142015
notes_emb_147,0.00670441
notes_emb_342,0.0066649425
notes_emb_203,0.0066350824
notes_emb_270,0.006582603
notes_emb_152,0.006577807
notes_emb_171,0.0065603447
notes_emb_274,0.006531431
notes_emb_277,0.0064295046
notes_emb_295,0.0063930936
notes_emb_145,0.0063706897
notes_emb_135,0.0063547413
notes_emb_94,0.00623063
notes_emb_252,0.006191329
notes_emb_221,0.0061157565
notes_emb_297,0.0060428493
notes_emb_337,0.0060315435
notes_emb_375,0.0059972256
notes_emb_59,0.0059542814
notes_emb_370,0.005928486
notes_emb_320,0.0058496064
notes_emb_371,0.005794225
notes_emb_105,0.0057640886
notes_emb_340,0.0055617504
notes_emb_240,0.005526766
notes_emb_109,0.005450201
notes_emb_209,0.005355686
notes_emb_199,0.005352862
notes_emb_382,0.0053376327
sub_event_type_Attack,0.0053216335
notes_emb_380,0.005012547
notes_emb_309,0.0049610026
notes_emb_85,0.004938739
notes_emb_130,0.0047896043
notes_emb_348,0.004744009
notes_emb_36,0.0047110445
notes_emb_194,0.004694431
notes_emb_95,0.0045833928
notes_emb_11,0.004377877
sub_event_type_Shelling/artillery/missile attack,0.0041638063
notes_emb_55,0.00381533
sub_event_type_Non-state actor overtakes territory,0.0007121157
sub_event_type_Suicide bomb,0.0001412429
sub_event_type_Abduction/forced disappearance,7.385177e-05
sub_event_type_Grenade,0.0
sub_event_type_Government regains territory,0.0
sub_event_type_Sexual violence,0.0
violence_against_women,0.0
sub_event_type_Air/drone strike,0.0
